vec_x,vec_x
12.026841163635254,12.026841163635254
11.514617919921875,11.514617919921875
11.941450119018555,11.941450119018555
12.039353370666504,12.039353370666504
11.680608749389648,11.680608749389648
12.066972732543945,12.066972732543945
12.025681495666504,12.025681495666504
11.752479553222656,11.752479553222656
11.932844161987305,11.932844161987305
12.193655014038086,12.193655014038086
12.4847412109375,12.4847412109375
11.821756362915039,11.821756362915039
12.129016876220703,12.129016876220703
11.754798889160156,11.754798889160156
11.518921852111816,11.518921852111816
11.879863739013672,11.879863739013672
11.513214111328125,11.513214111328125
11.838969230651855,11.838969230651855
11.872875213623047,11.872875213623047
11.673284530639648,11.673284530639648
11.529419898986816,11.529419898986816
11.757118225097656,11.757118225097656
11.62161636352539,11.62161636352539
11.95197868347168,11.95197868347168
12.429197311401367,12.429197311401367
11.757362365722656,11.757362365722656
12.498443603515625,12.498443603515625
11.751258850097656,11.751258850097656
12.279778480529785,12.279778480529785
11.929121017456055,11.929121017456055
12.106890678405762,12.106890678405762
11.785408973693848,11.785408973693848
11.966597557067871,11.966597557067871
12.265525817871094,12.265525817871094
11.861827850341797,11.861827850341797
12.171072006225586,12.171072006225586
12.28334903717041,12.28334903717041
12.352717399597168,12.352717399597168
12.002365112304688,12.002365112304688
12.199697494506836,12.199697494506836
11.70389461517334,11.70389461517334
11.654850959777832,11.654850959777832
11.520874977111816,11.520874977111816
12.37734603881836,12.37734603881836
11.92951774597168,11.92951774597168
11.863750457763672,11.863750457763672
12.351984977722168,12.351984977722168
12.451047897338867,12.451047897338867
11.805215835571289,11.805215835571289
12.281365394592285,12.281365394592285
11.664769172668457,11.664769172668457
11.640018463134766,11.640018463134766
11.699041366577148,11.699041366577148
11.704535484313965,11.704535484313965
11.602572441101074,11.602572441101074
11.790963172912598,11.790963172912598
11.93806266784668,11.93806266784668
11.780404090881348,11.780404090881348
12.313440322875977,12.313440322875977
11.675512313842773,11.675512313842773
12.3945894241333,12.3945894241333
12.301080703735352,12.301080703735352
11.61563491821289,11.61563491821289
12.14970874786377,12.14970874786377
11.816568374633789,11.816568374633789
12.406704902648926,12.406704902648926
12.14165210723877,12.14165210723877
12.39269733428955,12.39269733428955
11.996109008789062,11.996109008789062
12.16539478302002,12.16539478302002
12.304162979125977,12.304162979125977
11.944990158081055,11.944990158081055
12.36928939819336,12.36928939819336
12.49896240234375,12.49896240234375
11.928388595581055,11.928388595581055
11.763954162597656,11.763954162597656
12.141559600830078,12.141559600830078
11.92292594909668,11.92292594909668
11.894116401672363,11.894116401672363
12.015609741210938,12.015609741210938
11.532227516174316,11.532227516174316
12.069963455200195,12.069963455200195
11.630924224853516,11.630924224853516
11.821542739868164,11.821542739868164
12.232016563415527,12.232016563415527
12.464964866638184,12.464964866638184
11.811319351196289,11.811319351196289
11.679845809936523,11.679845809936523
11.666844367980957,11.666844367980957
11.521149635314941,11.521149635314941
12.084155082702637,12.084155082702637
11.778359413146973,11.778359413146973
12.16246509552002,12.16246509552002
12.225668907165527,12.225668907165527
12.193258285522461,12.193258285522461
11.919354438781738,11.919354438781738
11.60290813446045,11.60290813446045
12.482787132263184,12.482787132263184
12.324640274047852,12.324640274047852
12.27425479888916,12.27425479888916
11.677068710327148,11.677068710327148
11.58484172821045,11.58484172821045
12.025559425354004,12.025559425354004
11.687383651733398,11.687383651733398
12.306665420532227,12.306665420532227
11.778420448303223,11.778420448303223
11.540009498596191,11.540009498596191
11.747016906738281,11.747016906738281
12.349787712097168,12.349787712097168
12.39501667022705,12.39501667022705
11.903851509094238,11.903851509094238
12.342829704284668,12.342829704284668
12.173543930053711,12.173543930053711
11.5150146484375,11.5150146484375
11.643193244934082,11.643193244934082
11.928510665893555,11.928510665893555
12.189596176147461,12.189596176147461
11.633731842041016,11.633731842041016
12.420559883117676,12.420559883117676
12.208334922790527,12.208334922790527
11.94630241394043,11.94630241394043
12.297784805297852,12.297784805297852
12.471465110778809,12.471465110778809
12.465819358825684,12.465819358825684
11.871257781982422,11.871257781982422
12.181173324584961,12.181173324584961
12.176382064819336,12.176382064819336
12.254264831542969,12.254264831542969
12.258049011230469,12.258049011230469
11.569734573364258,11.569734573364258
11.61069107055664,11.61069107055664
11.667088508605957,11.667088508605957
11.5906400680542,11.5906400680542
11.722174644470215,11.722174644470215
12.4172945022583,12.4172945022583
11.907116889953613,11.907116889953613
11.799966812133789,11.799966812133789
12.076982498168945,12.076982498168945
11.84479808807373,11.84479808807373
12.37313461303711,12.37313461303711
11.545166969299316,11.545166969299316
11.773812294006348,11.773812294006348
12.296045303344727,12.296045303344727
11.983199119567871,11.983199119567871
12.114582061767578,12.114582061767578
12.458189964294434,12.458189964294434
12.229636192321777,12.229636192321777
11.95289421081543,11.95289421081543
12.039322853088379,12.039322853088379
11.83765697479248,11.83765697479248
11.759010314941406,11.759010314941406
11.747169494628906,11.747169494628906
12.013504028320312,12.013504028320312
11.959547996520996,11.959547996520996
11.792458534240723,11.792458534240723
12.425046920776367,12.425046920776367
12.215079307556152,12.215079307556152
11.677099227905273,11.677099227905273
12.057878494262695,12.057878494262695
12.095599174499512,12.095599174499512
11.620487213134766,11.620487213134766
12.27474308013916,12.27474308013916
11.856059074401855,11.856059074401855
11.703802108764648,11.703802108764648
12.407498359680176,12.407498359680176
11.71970272064209,11.71970272064209
11.886302947998047,11.886302947998047
11.865612030029297,11.865612030029297
12.039383888244629,12.039383888244629
11.509613037109375,11.509613037109375
11.987930297851562,11.987930297851562
11.970168113708496,11.970168113708496
12.124958038330078,12.124958038330078
11.584567070007324,11.584567070007324
12.141682624816895,12.141682624816895
12.26857852935791,12.26857852935791
11.647160530090332,11.647160530090332
12.272149085998535,12.272149085998535
11.574556350708008,11.574556350708008
12.167866706848145,12.167866706848145
11.654942512512207,11.654942512512207
11.734687805175781,11.734687805175781
12.311914443969727,12.311914443969727
12.448514938354492,12.448514938354492
12.011764526367188,12.011764526367188
11.887126922607422,11.887126922607422
12.020615577697754,12.020615577697754
11.624637603759766,11.624637603759766
12.294243812561035,12.294243812561035
12.254264831542969,12.254264831542969
12.48699951171875,12.48699951171875
12.16576099395752,12.16576099395752
12.435178756713867,12.435178756713867
11.736213684082031,11.736213684082031
11.573183059692383,11.573183059692383
11.798166275024414,11.798166275024414
12.204459190368652,12.204459190368652
11.751014709472656,11.751014709472656
11.995864868164062,11.995864868164062
11.605624198913574,11.605624198913574
12.121387481689453,12.121387481689453
11.72263240814209,11.72263240814209
11.770974159240723,11.770974159240723
12.14726734161377,12.14726734161377
11.892621040344238,11.892621040344238
12.38363265991211,12.38363265991211
11.668095588684082,11.668095588684082
12.311975479125977,12.311975479125977
11.969252586364746,11.969252586364746
11.861034393310547,11.861034393310547
11.518525123596191,11.518525123596191
12.127887725830078,12.127887725830078
12.316553115844727,12.316553115844727
12.014022827148438,12.014022827148438
11.720526695251465,11.720526695251465
12.245689392089844,12.245689392089844
11.990646362304688,11.990646362304688
11.992416381835938,11.992416381835938
11.785500526428223,11.785500526428223
12.314355850219727,12.314355850219727
11.615299224853516,11.615299224853516
12.484649658203125,12.484649658203125
12.26912784576416,12.26912784576416
11.968428611755371,11.968428611755371
12.353236198425293,12.353236198425293
11.623844146728516,11.623844146728516
11.930768966674805,11.930768966674805
11.645268440246582,11.645268440246582
12.464751243591309,12.464751243591309
12.020951271057129,12.020951271057129
12.465483665466309,12.465483665466309
11.95112419128418,11.95112419128418
12.048601150512695,12.048601150512695
11.893445014953613,11.893445014953613
11.651677131652832,11.651677131652832
11.794808387756348,11.794808387756348
12.05784797668457,12.05784797668457
11.758644104003906,11.758644104003906
12.258842468261719,12.258842468261719
12.007644653320312,12.007644653320312
12.185110092163086,12.185110092163086
11.660130500793457,11.660130500793457
11.558412551879883,11.558412551879883
11.668644905090332,11.668644905090332
11.71036434173584,11.71036434173584
12.396084785461426,12.396084785461426
11.782540321350098,11.782540321350098
11.853312492370605,11.853312492370605
11.905926704406738,11.905926704406738
11.718451499938965,11.718451499938965
12.373043060302734,12.373043060302734
12.025162696838379,12.025162696838379
12.091204643249512,12.091204643249512
11.971510887145996,11.971510887145996
12.365901947021484,12.365901947021484
11.788491249084473,11.788491249084473
11.93202018737793,11.93202018737793
12.138538360595703,12.138538360595703
11.753730773925781,11.753730773925781
12.221426963806152,12.221426963806152
12.07774543762207,12.07774543762207
11.765571594238281,11.765571594238281
12.17082691192627,12.17082691192627
11.50732421875,11.50732421875
11.729987144470215,11.729987144470215
11.730841636657715,11.730841636657715
11.744087219238281,11.744087219238281
12.084429740905762,12.084429740905762
12.236656188964844,12.236656188964844
12.328546524047852,12.328546524047852
12.453672409057617,12.453672409057617
12.031174659729004,12.031174659729004
12.305231094360352,12.305231094360352
11.63595962524414,11.63595962524414
11.84730052947998,11.84730052947998
11.907086372375488,11.907086372375488
11.92896842956543,11.92896842956543
11.63260269165039,11.63260269165039
12.451749801635742,12.451749801635742
11.767220497131348,11.767220497131348
11.619693756103516,11.619693756103516
12.039689064025879,12.039689064025879
11.725348472595215,11.725348472595215
11.569307327270508,11.569307327270508
12.040940284729004,12.040940284729004
12.349452018737793,12.349452018737793
11.895276069641113,11.895276069641113
11.692144393920898,11.692144393920898
11.635135650634766,11.635135650634766
12.012496948242188,12.012496948242188
11.523285865783691,11.523285865783691
11.784188270568848,11.784188270568848
12.339137077331543,12.339137077331543
12.252250671386719,12.252250671386719
12.143940925598145,12.143940925598145
11.660740852355957,11.660740852355957
11.980727195739746,11.980727195739746
12.474791526794434,12.474791526794434
11.818399429321289,11.818399429321289
12.469023704528809,12.469023704528809
12.451200485229492,12.451200485229492
11.743415832519531,11.743415832519531
11.948652267456055,11.948652267456055
11.83930492401123,11.83930492401123
12.246330261230469,12.246330261230469
12.28640079498291,12.28640079498291
12.194448471069336,12.194448471069336
12.241386413574219,12.241386413574219
12.471129417419434,12.471129417419434
11.506561279296875,11.506561279296875
11.838297843933105,11.838297843933105
12.264549255371094,12.264549255371094
11.900280952453613,11.900280952453613
12.461668968200684,12.461668968200684
12.440855026245117,12.440855026245117
12.040329933166504,12.040329933166504
12.189870834350586,12.189870834350586
12.28414249420166,12.28414249420166
12.131427764892578,12.131427764892578
11.526795387268066,11.526795387268066
11.832499504089355,11.832499504089355
11.509124755859375,11.509124755859375
12.376949310302734,12.376949310302734
11.872386932373047,11.872386932373047
11.95075798034668,11.95075798034668
11.779549598693848,11.779549598693848
11.572999954223633,11.572999954223633
11.5790433883667,11.5790433883667
11.522278785705566,11.522278785705566
11.896527290344238,11.896527290344238
12.301233291625977,12.301233291625977
11.682683944702148,11.682683944702148
12.129932403564453,12.129932403564453
11.684667587280273,11.684667587280273
11.596041679382324,11.596041679382324
11.670109748840332,11.670109748840332
11.831461906433105,11.831461906433105
11.64041519165039,11.64041519165039
12.06547737121582,12.06547737121582
12.351038932800293,12.351038932800293
12.241813659667969,12.241813659667969
11.83216381072998,11.83216381072998
12.208518028259277,12.208518028259277
12.403592109680176,12.403592109680176
12.422239303588867,12.422239303588867
12.021286964416504,12.021286964416504
11.774117469787598,11.774117469787598
11.812997817993164,11.812997817993164
11.669621467590332,11.669621467590332
12.472655296325684,12.472655296325684
11.5047607421875,11.5047607421875
11.921093940734863,11.921093940734863
11.800210952758789,11.800210952758789
12.423154830932617,12.423154830932617
12.108325004577637,12.108325004577637
12.306116104125977,12.306116104125977
12.020859718322754,12.020859718322754
11.677282333374023,11.677282333374023
11.802530288696289,11.802530288696289
12.211234092712402,12.211234092712402
11.982314109802246,11.982314109802246
12.298578262329102,12.298578262329102
12.27523136138916,12.27523136138916
11.740821838378906,11.740821838378906
12.107653617858887,12.107653617858887
11.865001678466797,11.865001678466797
12.404507637023926,12.404507637023926
11.542878150939941,11.542878150939941
11.789834022521973,11.789834022521973
12.258384704589844,12.258384704589844
11.582186698913574,11.582186698913574
12.196645736694336,12.196645736694336
11.552370071411133,11.552370071411133
12.454863548278809,12.454863548278809
11.985031127929688,11.985031127929688
12.023972511291504,12.023972511291504
11.766335487365723,11.766335487365723
12.286675453186035,12.286675453186035
11.636112213134766,11.636112213134766
11.543274879455566,11.543274879455566
12.018052101135254,12.018052101135254
11.643254280090332,11.643254280090332
11.60193157196045,11.60193157196045
12.284966468811035,12.284966468811035
11.72061824798584,11.72061824798584
12.080431938171387,12.080431938171387
12.16740894317627,12.16740894317627
12.186666488647461,12.186666488647461
12.06376838684082,12.06376838684082
12.306604385375977,12.306604385375977
12.333247184753418,12.333247184753418
12.287529945373535,12.287529945373535
11.894757270812988,11.894757270812988
11.51458740234375,11.51458740234375
12.479491233825684,12.479491233825684
11.940046310424805,11.940046310424805
11.625247955322266,11.625247955322266
12.028275489807129,12.028275489807129
11.538666725158691,11.538666725158691
12.258140563964844,12.258140563964844
11.756965637207031,11.756965637207031
12.231802940368652,12.231802940368652
11.522706031799316,11.522706031799316
12.020218849182129,12.020218849182129
12.120319366455078,12.120319366455078
12.251335144042969,12.251335144042969
11.746681213378906,11.746681213378906
11.746528625488281,11.746528625488281
12.419705390930176,12.419705390930176
12.357142448425293,12.357142448425293
11.5939359664917,11.5939359664917
12.16844654083252,12.16844654083252
12.179189682006836,12.179189682006836
11.555452346801758,11.555452346801758
12.16594409942627,12.16594409942627
11.809518814086914,11.809518814086914
11.682409286499023,11.682409286499023
12.338191032409668,12.338191032409668
11.660405158996582,11.660405158996582
11.896588325500488,11.896588325500488
12.000167846679688,12.000167846679688
12.05974006652832,12.05974006652832
11.822122573852539,11.822122573852539
12.319421768188477,12.319421768188477
11.699804306030273,11.699804306030273
11.909680366516113,11.909680366516113
12.309228897094727,12.309228897094727
11.85828685760498,11.85828685760498
12.330042839050293,12.330042839050293
11.949628829956055,11.949628829956055
12.319726943969727,12.319726943969727
12.3976411819458,12.3976411819458
12.27462100982666,12.27462100982666
12.183492660522461,12.183492660522461
12.321344375610352,12.321344375610352
12.344965934753418,12.344965934753418
12.069414138793945,12.069414138793945
12.129566192626953,12.129566192626953
12.228598594665527,12.228598594665527
11.973402976989746,11.973402976989746
11.775551795959473,11.775551795959473
11.863353729248047,11.863353729248047
11.870983123779297,11.870983123779297
11.906994819641113,11.906994819641113
11.503387451171875,11.503387451171875
12.000076293945312,12.000076293945312
12.095843315124512,12.095843315124512
12.467253684997559,12.467253684997559
11.680395126342773,11.680395126342773
11.584811210632324,11.584811210632324
12.349787712097168,12.349787712097168
12.099719047546387,12.099719047546387
12.15697193145752,12.15697193145752
12.36037826538086,12.36037826538086
12.082415580749512,12.082415580749512
11.599581718444824,11.599581718444824
11.743904113769531,11.743904113769531
12.38003158569336,12.38003158569336
11.815958023071289,11.815958023071289
12.354609489440918,12.354609489440918
12.275383949279785,12.275383949279785
12.435483932495117,12.435483932495117
12.224875450134277,12.224875450134277
12.324457168579102,12.324457168579102
11.790749549865723,11.790749549865723
12.267510414123535,12.267510414123535
12.068620681762695,12.068620681762695
11.975295066833496,11.975295066833496
11.92970085144043,11.92970085144043
12.028763771057129,12.028763771057129
12.322137832641602,12.322137832641602
11.887920379638672,11.887920379638672
12.133533477783203,12.133533477783203
11.967177391052246,11.967177391052246
12.346888542175293,12.346888542175293
12.258720397949219,12.258720397949219
11.747291564941406,11.747291564941406
11.799051284790039,11.799051284790039
12.447141647338867,12.447141647338867
12.011734008789062,12.011734008789062
11.615726470947266,11.615726470947266
11.740028381347656,11.740028381347656
11.654210090637207,11.654210090637207
11.741157531738281,11.741157531738281
12.267327308654785,12.267327308654785
11.663243293762207,11.663243293762207
12.083575248718262,12.083575248718262
12.202077865600586,12.202077865600586
12.27974796295166,12.27974796295166
12.353114128112793,12.353114128112793
11.70749568939209,11.70749568939209
11.569429397583008,11.569429397583008
11.921032905578613,11.921032905578613
12.323480606079102,12.323480606079102
11.887676239013672,11.887676239013672
12.182882308959961,12.182882308959961
11.659611701965332,11.659611701965332
12.16917896270752,12.16917896270752
11.51141357421875,11.51141357421875
11.996902465820312,11.996902465820312
11.63742446899414,11.63742446899414
11.919384956359863,11.919384956359863
12.07487678527832,12.07487678527832
12.454680442810059,12.454680442810059
11.699407577514648,11.699407577514648
12.36172103881836,12.36172103881836
11.557527542114258,11.557527542114258
12.004562377929688,12.004562377929688
12.07371711730957,12.07371711730957
11.805734634399414,11.805734634399414
12.431455612182617,12.431455612182617
11.977950096130371,11.977950096130371
12.29580020904541,12.29580020904541
12.254783630371094,12.254783630371094
11.648625373840332,11.648625373840332
12.04716682434082,12.04716682434082
12.470610618591309,12.470610618591309
12.454558372497559,12.454558372497559
11.95136833190918,11.95136833190918
11.982039451599121,11.982039451599121
12.466216087341309,12.466216087341309
11.787667274475098,11.787667274475098
12.347834587097168,12.347834587097168
11.924360275268555,11.924360275268555
12.132953643798828,12.132953643798828
12.482481956481934,12.482481956481934
12.097979545593262,12.097979545593262
11.898419380187988,11.898419380187988
12.14177417755127,12.14177417755127
12.104998588562012,12.104998588562012
12.05278205871582,12.05278205871582
11.776711463928223,11.776711463928223
11.535187721252441,11.535187721252441
11.803140640258789,11.803140640258789
11.690679550170898,11.690679550170898
12.4194917678833,12.4194917678833
11.5852689743042,11.5852689743042
12.27132511138916,12.27132511138916
11.695074081420898,11.695074081420898
12.206809043884277,12.206809043884277
12.05174446105957,12.05174446105957
11.904614448547363,11.904614448547363
12.416714668273926,12.416714668273926
11.682043075561523,11.682043075561523
12.434202194213867,12.434202194213867
12.111164093017578,12.111164093017578
12.064287185668945,12.064287185668945
11.525361061096191,11.525361061096191
12.312494277954102,12.312494277954102
12.251548767089844,12.251548767089844
11.967757225036621,11.967757225036621
11.575990676879883,11.575990676879883
12.368526458740234,12.368526458740234
12.173727035522461,12.173727035522461
11.757179260253906,11.757179260253906
12.122333526611328,12.122333526611328
12.183401107788086,12.183401107788086
11.812631607055664,11.812631607055664
11.801767349243164,11.801767349243164
12.177907943725586,12.177907943725586
12.403897285461426,12.403897285461426
11.822793960571289,11.822793960571289
11.752082824707031,11.752082824707031
11.962965965270996,11.962965965270996
12.37173080444336,12.37173080444336
11.71298885345459,11.71298885345459
11.529694557189941,11.529694557189941
12.309534072875977,12.309534072875977
11.809427261352539,11.809427261352539
12.451627731323242,12.451627731323242
11.60791301727295,11.60791301727295
12.208975791931152,12.208975791931152
11.656682014465332,11.656682014465332
12.011459350585938,12.011459350585938
11.927106857299805,11.927106857299805
12.221426963806152,12.221426963806152
11.650792121887207,11.650792121887207
11.822641372680664,11.822641372680664
12.28859806060791,12.28859806060791
11.964522361755371,11.964522361755371
11.744911193847656,11.744911193847656
11.602816581726074,11.602816581726074
11.570955276489258,11.570955276489258
12.401700019836426,12.401700019836426
11.958113670349121,11.958113670349121
11.532471656799316,11.532471656799316
11.612125396728516,11.612125396728516
12.147419929504395,12.147419929504395
11.750770568847656,11.750770568847656
12.245384216308594,12.245384216308594
12.101366996765137,12.101366996765137
11.50933837890625,11.50933837890625
11.518982887268066,11.518982887268066
11.601656913757324,11.601656913757324
12.324853897094727,12.324853897094727
12.485107421875,12.485107421875
12.302057266235352,12.302057266235352
11.71317195892334,11.71317195892334
12.108263969421387,12.108263969421387
12.433073043823242,12.433073043823242
12.296411514282227,12.296411514282227
12.189504623413086,12.189504623413086
11.800668716430664,11.800668716430664
11.635807037353516,11.635807037353516
12.270195960998535,12.270195960998535
12.073259353637695,12.073259353637695
11.643040657043457,11.643040657043457
12.474761009216309,12.474761009216309
12.471739768981934,12.471739768981934
12.433958053588867,12.433958053588867
12.365291595458984,12.365291595458984
12.434782028198242,12.434782028198242
12.125965118408203,12.125965118408203
12.088244438171387,12.088244438171387
12.355525016784668,12.355525016784668
11.658024787902832,11.658024787902832
12.112689971923828,12.112689971923828
12.416470527648926,12.416470527648926
12.245414733886719,12.245414733886719
12.265037536621094,12.265037536621094
11.919842720031738,11.919842720031738
11.743354797363281,11.743354797363281
12.255332946777344,12.255332946777344
12.16203784942627,12.16203784942627
12.466368675231934,12.466368675231934
12.251853942871094,12.251853942871094
12.14293384552002,12.14293384552002
11.553743362426758,11.553743362426758
11.887462615966797,11.887462615966797
11.899090766906738,11.899090766906738
12.098956108093262,12.098956108093262
11.879772186279297,11.879772186279297
11.877025604248047,11.877025604248047
12.303033828735352,12.303033828735352
12.434232711791992,12.434232711791992
12.3933687210083,12.3933687210083
11.680059432983398,11.680059432983398
12.06834602355957,12.06834602355957
12.401211738586426,12.401211738586426
12.101916313171387,12.101916313171387
12.329371452331543,12.329371452331543
11.520905494689941,11.520905494689941
11.994277954101562,11.994277954101562
12.28737735748291,12.28737735748291
12.220114707946777,12.220114707946777
12.318841934204102,12.318841934204102
12.07206916809082,12.07206916809082
12.325311660766602,12.325311660766602
11.616153717041016,11.616153717041016
11.909405708312988,11.909405708312988
11.646000862121582,11.646000862121582
12.021775245666504,12.021775245666504
12.181570053100586,12.181570053100586
12.300439834594727,12.300439834594727
11.678411483764648,11.678411483764648
12.186483383178711,12.186483383178711
12.131427764892578,12.131427764892578
12.114948272705078,12.114948272705078
12.234397888183594,12.234397888183594
11.660923957824707,11.660923957824707
12.095477104187012,12.095477104187012
12.3975191116333,12.3975191116333
12.330653190612793,12.330653190612793
11.520447731018066,11.520447731018066
12.288384437561035,12.288384437561035
12.141590118408203,12.141590118408203
12.325708389282227,12.325708389282227
11.668797492980957,11.668797492980957
12.080431938171387,12.080431938171387
12.006210327148438,12.006210327148438
12.194509506225586,12.194509506225586
11.544098854064941,11.544098854064941
11.562318801879883,11.562318801879883
12.190816879272461,12.190816879272461
11.531769752502441,11.531769752502441
12.15489673614502,12.15489673614502
12.197988510131836,12.197988510131836
11.936994552612305,11.936994552612305
11.627689361572266,11.627689361572266
12.164937019348145,12.164937019348145
12.158711433410645,12.158711433410645
11.62625503540039,11.62625503540039
12.459227561950684,12.459227561950684
12.245536804199219,12.245536804199219
12.433164596557617,12.433164596557617
11.94178581237793,11.94178581237793
11.941694259643555,11.941694259643555
12.414517402648926,12.414517402648926
12.306024551391602,12.306024551391602
12.06370735168457,12.06370735168457
12.283562660217285,12.283562660217285
11.5797758102417,11.5797758102417
12.299921035766602,12.299921035766602
12.366329193115234,12.366329193115234
11.788460731506348,11.788460731506348
12.007217407226562,12.007217407226562
12.173757553100586,12.173757553100586
11.585787773132324,11.585787773132324
11.948530197143555,11.948530197143555
11.93067741394043,11.93067741394043
12.071611404418945,12.071611404418945
11.92762565612793,11.92762565612793
12.172109603881836,12.172109603881836
12.023728370666504,12.023728370666504
12.41552448272705,12.41552448272705
12.082018852233887,12.082018852233887
11.990280151367188,11.990280151367188
11.951215744018555,11.951215744018555
11.63644790649414,11.63644790649414
11.61630630493164,11.61630630493164
12.085558891296387,12.085558891296387
11.71964168548584,11.71964168548584
12.336787223815918,12.336787223815918
11.71329402923584,11.71329402923584
11.986557006835938,11.986557006835938
12.045487403869629,12.045487403869629
11.978041648864746,11.978041648864746
11.723761558532715,11.723761558532715
11.772469520568848,11.772469520568848
12.459166526794434,12.459166526794434
11.688055038452148,11.688055038452148
11.502227783203125,11.502227783203125
11.63101577758789,11.63101577758789
12.364803314208984,12.364803314208984
12.280755043029785,12.280755043029785
11.994796752929688,11.994796752929688
11.61374282836914,11.61374282836914
11.773415565490723,11.773415565490723
12.082720756530762,12.082720756530762
12.047563552856445,12.047563552856445
12.432340621948242,12.432340621948242
11.928754806518555,11.928754806518555
11.660161018371582,11.660161018371582
11.904644966125488,11.904644966125488
11.639408111572266,11.639408111572266
11.544434547424316,11.544434547424316
12.040024757385254,12.040024757385254
12.364192962646484,12.364192962646484
12.038437843322754,12.038437843322754
11.871318817138672,11.871318817138672
11.518708229064941,11.518708229064941
12.06157112121582,12.06157112121582
11.665165901184082,11.665165901184082
12.313501358032227,12.313501358032227
11.653050422668457,11.653050422668457
11.84803295135498,11.84803295135498
12.185781478881836,12.185781478881836
11.811929702758789,11.811929702758789
11.526001930236816,11.526001930236816
11.734077453613281,11.734077453613281
12.054277420043945,12.054277420043945
11.714667320251465,11.714667320251465
11.881847381591797,11.881847381591797
12.365840911865234,12.365840911865234
12.273613929748535,12.273613929748535
12.351649284362793,12.351649284362793
12.224295616149902,12.224295616149902
11.503326416015625,11.503326416015625
12.104144096374512,12.104144096374512
12.033677101135254,12.033677101135254
12.471068382263184,12.471068382263184
12.469939231872559,12.469939231872559
11.562959671020508,11.562959671020508
11.694036483764648,11.694036483764648
12.258995056152344,12.258995056152344
12.040482521057129,12.040482521057129
12.058122634887695,12.058122634887695
11.891186714172363,11.891186714172363
12.49322509765625,12.49322509765625
11.738288879394531,11.738288879394531
12.001205444335938,12.001205444335938
12.391597747802734,12.391597747802734
12.234184265136719,12.234184265136719
12.008865356445312,12.008865356445312
11.742256164550781,11.742256164550781
12.05162239074707,12.05162239074707
11.516480445861816,11.516480445861816
12.239158630371094,12.239158630371094
11.670903205871582,11.670903205871582
12.216605186462402,12.216605186462402
12.192983627319336,12.192983627319336
12.091601371765137,12.091601371765137
11.826883316040039,11.826883316040039
12.356654167175293,12.356654167175293
12.3978853225708,12.3978853225708
12.120990753173828,12.120990753173828
11.864360809326172,11.864360809326172
12.157246589660645,12.157246589660645
11.72305965423584,11.72305965423584
12.14372730255127,12.14372730255127
11.713446617126465,11.713446617126465
11.783791542053223,11.783791542053223
11.700872421264648,11.700872421264648
12.327325820922852,12.327325820922852
11.782631874084473,11.782631874084473
11.538758277893066,11.538758277893066
11.687139511108398,11.687139511108398
12.469695091247559,12.469695091247559
12.046159744262695,12.046159744262695
11.630069732666016,11.630069732666016
11.738716125488281,11.738716125488281
12.436521530151367,12.436521530151367
11.859783172607422,11.859783172607422
12.269585609436035,12.269585609436035
11.578462600708008,11.578462600708008
12.225546836853027,12.225546836853027
11.84882640838623,11.84882640838623
11.820505142211914,11.820505142211914
12.242271423339844,12.242271423339844
11.62668228149414,11.62668228149414
11.71219539642334,11.71219539642334
12.212302207946777,12.212302207946777
11.50115966796875,11.50115966796875
11.946455001831055,11.946455001831055
12.28640079498291,12.28640079498291
12.341822624206543,12.341822624206543
11.652836799621582,11.652836799621582
11.765571594238281,11.765571594238281
11.712653160095215,11.712653160095215
11.679784774780273,11.679784774780273
11.775856971740723,11.775856971740723
12.198873519897461,12.198873519897461
12.05180549621582,12.05180549621582
11.800912857055664,11.800912857055664
12.040452003479004,12.040452003479004
11.625308990478516,11.625308990478516
12.189687728881836,12.189687728881836
12.056474685668945,12.056474685668945
12.170002937316895,12.170002937316895
12.358027458190918,12.358027458190918
12.37771224975586,12.37771224975586
12.108539581298828,12.108539581298828
11.646428108215332,11.646428108215332
12.222250938415527,12.222250938415527
12.251670837402344,12.251670837402344
11.544098854064941,11.544098854064941
11.753517150878906,11.753517150878906
11.510162353515625,11.510162353515625
11.673040390014648,11.673040390014648
12.28792667388916,12.28792667388916
12.05180549621582,12.05180549621582
12.28188419342041,12.28188419342041
12.236167907714844,12.236167907714844
12.033158302307129,12.033158302307129
12.379085540771484,12.379085540771484
12.480040550231934,12.480040550231934
11.785012245178223,11.785012245178223
12.4082612991333,12.4082612991333
11.969832420349121,11.969832420349121
11.82862377166748,11.82862377166748
11.784035682678223,11.784035682678223
12.098773002624512,12.098773002624512
11.787667274475098,11.787667274475098
11.982985496520996,11.982985496520996
11.885540008544922,11.885540008544922
11.643345832824707,11.643345832824707
11.664341926574707,11.664341926574707
11.900769233703613,11.900769233703613
11.538727760314941,11.538727760314941
12.121875762939453,12.121875762939453
12.339137077331543,12.339137077331543
11.902539253234863,11.902539253234863
11.983107566833496,11.983107566833496
12.455260276794434,12.455260276794434
11.992477416992188,11.992477416992188
12.390193939208984,12.390193939208984
12.470519065856934,12.470519065856934
11.535218238830566,11.535218238830566
12.36745834350586,12.36745834350586
11.692632675170898,11.692632675170898
12.059465408325195,12.059465408325195
11.902813911437988,11.902813911437988
12.072771072387695,12.072771072387695
12.007156372070312,12.007156372070312
11.825540542602539,11.825540542602539
12.194601058959961,12.194601058959961
12.16136646270752,12.16136646270752
11.905011177062988,11.905011177062988
11.831400871276855,11.831400871276855
12.075212478637695,12.075212478637695
11.578004837036133,11.578004837036133
12.37044906616211,12.37044906616211
11.700323104858398,11.700323104858398
11.874858856201172,11.874858856201172
11.569795608520508,11.569795608520508
11.841532707214355,11.841532707214355
12.137317657470703,12.137317657470703
11.650731086730957,11.650731086730957
11.653355598449707,11.653355598449707
12.221854209899902,12.221854209899902
12.240745544433594,12.240745544433594
11.891002655029297,11.891002655029297
12.232382774353027,12.232382774353027
12.331477165222168,12.331477165222168
11.94911003112793,11.94911003112793
11.580111503601074,11.580111503601074
12.459227561950684,12.459227561950684
11.766243934631348,11.766243934631348
12.466277122497559,12.466277122497559
11.84424877166748,11.84424877166748
12.434690475463867,12.434690475463867
11.63394546508789,11.63394546508789
12.008804321289062,12.008804321289062
11.895398139953613,11.895398139953613
12.339137077331543,12.339137077331543
12.136341094970703,12.136341094970703
11.71939754486084,11.71939754486084
12.493255615234375,12.493255615234375
11.5890531539917,11.5890531539917
12.465300559997559,12.465300559997559
12.090258598327637,12.090258598327637
11.643254280090332,11.643254280090332
11.612918853759766,11.612918853759766
11.982558250427246,11.982558250427246
11.739631652832031,11.739631652832031
11.749977111816406,11.749977111816406
12.339838981628418,12.339838981628418
12.15123462677002,12.15123462677002
11.885936737060547,11.885936737060547
11.943891525268555,11.943891525268555
11.994613647460938,11.994613647460938
12.187887191772461,12.187887191772461
12.36275863647461,12.36275863647461
11.801095962524414,11.801095962524414
12.293816566467285,12.293816566467285
11.904370307922363,11.904370307922363
11.518586158752441,11.518586158752441
12.174306869506836,12.174306869506836
11.63522720336914,11.63522720336914
11.70761775970459,11.70761775970459
11.84516429901123,11.84516429901123
12.353785514831543,12.353785514831543
12.37588119506836,12.37588119506836
12.226523399353027,12.226523399353027
11.677984237670898,11.677984237670898
12.277153968811035,12.277153968811035
11.791054725646973,11.791054725646973
11.534363746643066,11.534363746643066
11.812967300415039,11.812967300415039
12.006942749023438,12.006942749023438
11.809335708618164,11.809335708618164
12.436002731323242,12.436002731323242
12.382686614990234,12.382686614990234
12.194204330444336,12.194204330444336
12.116321563720703,12.116321563720703
11.787789344787598,11.787789344787598
11.836222648620605,11.836222648620605
11.747352600097656,11.747352600097656
11.72141170501709,11.72141170501709
12.320032119750977,12.320032119750977
12.36654281616211,12.36654281616211
12.424955368041992,12.424955368041992
11.581332206726074,11.581332206726074
11.929487228393555,11.929487228393555
11.628238677978516,11.628238677978516
11.570680618286133,11.570680618286133
12.37380599975586,12.37380599975586
11.911969184875488,11.911969184875488
12.090746879577637,12.090746879577637
11.710211753845215,11.710211753845215
12.015487670898438,12.015487670898438
12.102740287780762,12.102740287780762
11.869640350341797,11.869640350341797
12.227622032165527,12.227622032165527
12.017930030822754,12.017930030822754
12.3938570022583,12.3938570022583
12.38033676147461,12.38033676147461
11.84083080291748,11.84083080291748
12.275017738342285,12.275017738342285
11.597506523132324,11.597506523132324
11.657750129699707,11.657750129699707
12.094866752624512,12.094866752624512
12.37569808959961,12.37569808959961
12.123523712158203,12.123523712158203
11.685918807983398,11.685918807983398
11.5910062789917,11.5910062789917
12.036179542541504,12.036179542541504
12.440214157104492,12.440214157104492
11.5807523727417,11.5807523727417
12.171438217163086,12.171438217163086
11.744697570800781,11.744697570800781
11.787117958068848,11.787117958068848
11.970473289489746,11.970473289489746
11.777230262756348,11.777230262756348
12.213156700134277,12.213156700134277
12.108539581298828,12.108539581298828
12.4168062210083,12.4168062210083
12.199544906616211,12.199544906616211
11.72891902923584,11.72891902923584
11.676336288452148,11.676336288452148
12.220999717712402,12.220999717712402
12.441556930541992,12.441556930541992
12.001022338867188,12.001022338867188
12.371273040771484,12.371273040771484
12.458434104919434,12.458434104919434
11.910809516906738,11.910809516906738
11.59399700164795,11.59399700164795
12.090838432312012,12.090838432312012
11.5852689743042,11.5852689743042
12.16038990020752,12.16038990020752